FullName;logins_count
Шумакова Оксана Валерьевна;90
Батракова Ксения Николаевна;86
Мошкина Елена Юрьевна;84
Хохлов Айхан Юрьевич;83
Мусин Виктор Николаевич;82
Батурин Фанир Амирханович;82
Сафонов Илья Соломонович;81
Семенов Денис Алексеевич;81
Велиханова Елена Николаевна;80
Артюхов Сергей Бобокулович;80
Зуева Наталья Юрьевна;80
Галкин Алексей Викторович;79
Бычкова Ольга Яковлевна;79
Яковлева Инна Федоровна;79
Ибрагимова Вера Борисовна;78
Зимин Владимир Александрович;78
Коноплев Денис Александрович;78
Бедарева Ольга Сергеевна;78
Митрофанова Татьяна Евгеньевна;78
Исаев Андрей Сергеевич;78
